product_name,category,price,rating,review,customer_id,date,quantity,sales
Denim Jeans,Fashion,2348,4.0,The product is decent,C137,2026-03-11,12,28176
Fitness Bands,Health,500,3.9,Good product but delivery was slow,C111,2025-08-04,4,2000
Cotton T-Shirt,Fashion,708,3.4,Good product but delivery was slow,C138,2025-04-05,6,4248
Cotton T-Shirt,Fashion,846,4.2,Works as expected,C085,2025-03-24,11,9306
Hair Dryer,Beauty,2597,4.8,Amazing quality and worth the price,C093,2026-03-20,1,2597
Backpack,Fashion,2427,3.9,Product is okay for the price,C024,2025-02-02,4,9708
Coffee Maker,Home,3741,4.3,"Great product, highly recommended",C031,2025-07-14,1,3741
Skin Care Kit,Beauty,3433,4.3,Excellent performance and quality,C151,2025-11-01,4,13732
Programming Book,Books,1393,3.2,The product stopped working quickly,C094,2025-07-21,1,1393
Backpack,Fashion,2101,4.5,Excellent performance and quality,C131,2026-07-17,5,10505
Water Bottle,Home,684,3.4,Good product but delivery was slow,C095,2025-06-16,8,5472
Bluetooth Speaker,Electronics,3508,4.4,Amazing quality and worth the price,C156,2025-11-26,17,59636
Novel Book,Books,849,3.5,Good product but delivery was slow,C019,2025-09-10,8,6792
Cotton T-Shirt,Fashion,1284,3.8,Works as expected,C074,2025-03-21,10,12840
Denim Jeans,Fashion,2170,3.7,The product is decent,C062,2026-04-30,3,6510
Desk Lamp,Home,981,4.3,Excellent product and very useful,C130,2025-08-12,11,10791
Yoga Mat,Health,1437,4.5,Excellent performance and quality,C043,2026-08-04,1,1437
Smart Watch,Electronics,3853,3.8,Works as expected,C139,2025-08-08,2,7706
Wireless Headphones,Electronics,2554,3.5,The product is decent,C177,2025-11-12,8,20432
Coffee Maker,Home,3977,5.0,Excellent performance and quality,C070,2026-01-04,2,7954
Skin Care Kit,Beauty,1125,3.8,Average quality but usable,C004,2025-05-03,5,5625
Programming Book,Books,781,3.5,Product is okay for the price,C128,2025-06-17,9,7029
Bluetooth Speaker,Electronics,1606,4.5,Amazing quality and worth the price,C067,2025-09-26,17,27302
Smart Watch,Electronics,4235,4.0,Product is okay for the price,C121,2025-03-12,8,33880
Novel Book,Books,898,3.7,Average quality but usable,C058,2025-11-14,7,6286
Yoga Mat,Health,1269,3.8,Good product but delivery was slow,C125,2026-04-11,10,12690
Wireless Headphones,Electronics,1890,3.0,Too expensive for the quality,C121,2025-02-17,1,1890
Storage Organizer,Home,1368,5.0,Excellent performance and quality,C070,2026-03-01,8,10944
Laptop Stand,Electronics,1406,3.9,Average quality but usable,C179,2025-04-15,17,23902
Casual Sneakers,Fashion,2976,4.2,Product is okay for the price,C060,2026-08-11,6,17856
Notebook Set,Books,309,4.5,Very happy with this purchase,C158,2026-02-26,8,2472
Water Bottle,Home,1206,4.6,Perfect quality and fast delivery,C003,2025-02-08,8,9648
Hair Dryer,Beauty,2483,3.8,Product is okay for the price,C091,2025-12-23,10,24830
Bluetooth Speaker,Electronics,3418,5.0,Very happy with this purchase,C174,2025-08-20,2,6836
Smart Watch,Electronics,2622,4.3,Excellent product and very useful,C051,2026-07-29,2,5244
Fitness Bands,Health,823,4.7,Excellent performance and quality,C167,2026-05-04,6,4938
Bluetooth Speaker,Electronics,2042,4.9,Very happy with this purchase,C115,2026-03-18,2,4084
Novel Book,Books,377,4.7,I love this product,C104,2025-12-01,9,3393
Coffee Maker,Home,3144,4.6,Perfect quality and fast delivery,C146,2025-11-29,6,18864
Novel Book,Books,447,5.0,Good value for money,C018,2025-10-13,5,2235
Casual Sneakers,Fashion,3151,3.4,Works as expected,C168,2026-07-18,4,12604
Desk Lamp,Home,977,4.3,Very happy with this purchase,C067,2025-02-21,8,7816
Hair Dryer,Beauty,3252,5.0,I love this product,C022,2026-02-16,7,22764
Hair Dryer,Beauty,3645,3.9,Product is okay for the price,C063,2025-12-08,1,3645
Desk Lamp,Home,1656,4.4,Excellent product and very useful,C016,2025-04-11,12,19872
Casual Sneakers,Fashion,2403,5.0,Excellent product and very useful,C122,2025-09-08,1,2403
Hair Dryer,Beauty,1656,4.2,Average quality but usable,C174,2025-04-15,1,1656
Running Shoes,Fashion,4387,5.0,"Great product, highly recommended",C119,2025-06-17,13,57031
Laptop Stand,Electronics,1169,4.4,"Great product, highly recommended",C153,2026-05-23,7,8183
Casual Sneakers,Fashion,2426,4.3,Excellent product and very useful,C083,2026-09-06,6,14556
Novel Book,Books,638,4.2,The product is decent,C104,2025-11-05,8,5104
Cotton T-Shirt,Fashion,533,3.8,Average quality but usable,C026,2026-01-07,13,6929
Running Shoes,Fashion,3459,4.5,Perfect quality and fast delivery,C032,2026-03-26,11,38049
Fitness Bands,Health,1636,4.1,Good product but delivery was slow,C024,2026-07-22,8,13088
Wireless Headphones,Electronics,1924,4.5,I love this product,C176,2026-03-13,11,21164
Fitness Bands,Health,1375,3.4,Product is okay for the price,C020,2025-04-25,8,11000
Yoga Mat,Health,1247,4.1,The product is decent,C169,2026-08-17,1,1247
Laptop Stand,Electronics,1194,3.7,Good product but delivery was slow,C003,2026-07-21,10,11940
Bluetooth Speaker,Electronics,2934,3.6,The product is decent,C110,2025-08-20,13,38142
Skin Care Kit,Beauty,1198,3.5,Average quality but usable,C127,2026-01-29,8,9584
Desk Lamp,Home,1257,5.0,Amazing quality and worth the price,C117,2026-05-24,9,11313
Smart Watch,Electronics,5103,4.6,Excellent product and very useful,C018,2026-01-01,10,51030
Running Shoes,Fashion,4082,4.9,Good value for money,C091,2026-07-14,10,40820
Novel Book,Books,426,4.9,Amazing quality and worth the price,C151,2025-01-18,6,2556
Water Bottle,Home,649,4.6,Excellent product and very useful,C109,2025-04-20,3,1947
Wireless Headphones,Electronics,2599,4.7,Excellent performance and quality,C109,2025-10-20,7,18193
Bluetooth Speaker,Electronics,3845,4.7,Perfect quality and fast delivery,C094,2026-07-11,2,7690
Novel Book,Books,557,3.8,Product is okay for the price,C118,2025-01-10,6,3342
Hair Dryer,Beauty,3912,4.8,Amazing quality and worth the price,C144,2025-11-14,7,27384
Wireless Headphones,Electronics,2828,4.3,I love this product,C028,2025-07-03,17,48076
USB-C Hub,Electronics,1236,4.6,"Great product, highly recommended",C126,2026-08-21,8,9888
Casual Sneakers,Fashion,2518,4.2,Works as expected,C132,2026-03-14,11,27698
Air Fryer,Home,6466,4.1,The product is decent,C155,2025-02-03,7,45262
Face Wash,Beauty,486,3.1,Poor quality and disappointing,C133,2025-05-08,3,1458
Hair Dryer,Beauty,1309,2.8,Not satisfied with this purchase,C168,2025-09-29,10,13090
Storage Organizer,Home,1521,4.0,Works as expected,C118,2026-06-02,5,7605
Hair Dryer,Beauty,1982,3.6,Good product but delivery was slow,C032,2025-10-07,5,9910
Desk Lamp,Home,843,4.1,Good product but delivery was slow,C081,2026-10-01,11,9273
Desk Lamp,Home,1039,3.8,Average quality but usable,C053,2025-07-31,10,10390
USB-C Hub,Electronics,2059,5.0,Good value for money,C012,2025-02-19,11,22649
Bluetooth Speaker,Electronics,3654,4.5,Very happy with this purchase,C121,2025-03-18,11,40194
Coffee Maker,Home,4312,4.7,I love this product,C115,2026-07-16,10,43120
Air Fryer,Home,7017,4.3,Very happy with this purchase,C071,2025-09-11,6,42102
Cotton T-Shirt,Fashion,1350,4.2,Works as expected,C087,2025-10-30,3,4050
Programming Book,Books,917,4.8,Excellent performance and quality,C036,2025-03-05,5,4585
Fitness Bands,Health,1618,4.7,Perfect quality and fast delivery,C125,2026-03-23,9,14562
Bluetooth Speaker,Electronics,2461,4.6,I love this product,C040,2026-08-25,13,31993
Cotton T-Shirt,Fashion,1004,4.7,I love this product,C124,2025-11-03,3,3012
Smart Watch,Electronics,2659,4.0,The product is decent,C039,2026-04-13,4,10636
USB-C Hub,Electronics,2290,4.7,Amazing quality and worth the price,C036,2026-08-11,11,25190
Notebook Set,Books,440,4.9,"Great product, highly recommended",C081,2026-01-15,4,1760
Desk Lamp,Home,2121,3.8,Product is okay for the price,C027,2025-04-15,3,6363
Water Bottle,Home,1243,4.2,Good product but delivery was slow,C029,2025-07-13,4,4972
Novel Book,Books,520,2.8,Delivery was slow and product was damaged,C077,2026-07-26,7,3640
Denim Jeans,Fashion,2102,4.9,"Great product, highly recommended",C124,2026-06-18,9,18918
Bluetooth Speaker,Electronics,2708,4.2,The product is decent,C057,2025-08-15,8,21664
USB-C Hub,Electronics,1208,4.0,Average quality but usable,C107,2025-03-07,5,6040
Notebook Set,Books,286,4.7,Amazing quality and worth the price,C132,2025-10-18,8,2288
Programming Book,Books,628,5.0,Very happy with this purchase,C084,2026-01-10,7,4396
Cotton T-Shirt,Fashion,642,4.9,Perfect quality and fast delivery,C110,2026-08-22,4,2568
USB-C Hub,Electronics,1412,4.2,Works as expected,C142,2026-01-16,1,1412
Smart Watch,Electronics,5411,4.5,Excellent product and very useful,C166,2025-12-18,2,10822
Novel Book,Books,367,3.8,The product is decent,C165,2025-10-01,8,2936
Yoga Mat,Health,1124,3.8,The product is decent,C081,2026-01-21,8,8992
Backpack,Fashion,1107,3.5,Product is okay for the price,C002,2025-05-21,2,2214
Programming Book,Books,805,4.7,Very happy with this purchase,C033,2026-03-17,6,4830
Cotton T-Shirt,Fashion,960,4.2,Average quality but usable,C013,2025-04-10,4,3840
Denim Jeans,Fashion,1557,4.5,Amazing quality and worth the price,C153,2026-09-22,12,18684
Backpack,Fashion,1103,3.9,The product is decent,C164,2025-08-20,12,13236
Storage Organizer,Home,1122,3.8,The product is decent,C113,2026-05-21,12,13464
Coffee Maker,Home,3815,2.9,Poor quality and disappointing,C085,2025-06-14,11,41965
Hair Dryer,Beauty,2440,4.6,Perfect quality and fast delivery,C109,2025-06-07,4,9760
Fitness Bands,Health,576,4.4,I love this product,C010,2025-06-30,2,1152
USB-C Hub,Electronics,1162,4.1,Works as expected,C043,2026-07-17,15,17430
Desk Lamp,Home,1133,4.1,Good product but delivery was slow,C148,2026-07-15,8,9064
Programming Book,Books,1413,4.8,Perfect quality and fast delivery,C052,2026-05-18,3,4239
Casual Sneakers,Fashion,3306,3.8,The product is decent,C119,2026-03-28,12,39672
Laptop Stand,Electronics,1396,3.8,Average quality but usable,C080,2025-12-25,15,20940
Notebook Set,Books,447,4.7,Perfect quality and fast delivery,C050,2025-04-13,3,1341
Yoga Mat,Health,1787,4.8,Very happy with this purchase,C153,2025-03-12,2,3574
Programming Book,Books,1241,4.0,Works as expected,C103,2026-08-27,1,1241
Novel Book,Books,518,3.6,Good product but delivery was slow,C173,2025-04-21,7,3626
Face Wash,Beauty,1017,4.4,I love this product,C106,2025-06-05,2,2034
USB-C Hub,Electronics,1928,3.9,Good product but delivery was slow,C113,2025-04-13,14,26992
Face Wash,Beauty,967,3.5,Good product but delivery was slow,C122,2026-09-12,4,3868
Protein Powder,Health,2105,3.6,Good product but delivery was slow,C152,2025-10-09,9,18945
Water Bottle,Home,1223,4.5,Excellent performance and quality,C111,2025-12-09,6,7338
Face Wash,Beauty,819,4.3,Very happy with this purchase,C058,2026-05-09,4,3276
Notebook Set,Books,250,3.9,Product is okay for the price,C062,2025-06-10,3,750
Cotton T-Shirt,Fashion,1265,5.0,"Great product, highly recommended",C138,2025-07-26,9,11385
USB-C Hub,Electronics,2381,4.2,The product is decent,C063,2026-04-30,14,33334
Denim Jeans,Fashion,1853,4.3,"Great product, highly recommended",C170,2025-11-10,8,14824
Laptop Stand,Electronics,1520,4.8,Very happy with this purchase,C058,2026-08-31,2,3040
Notebook Set,Books,417,4.2,Works as expected,C047,2026-09-09,1,417
Yoga Mat,Health,702,4.6,Excellent product and very useful,C133,2025-07-12,9,6318
Smart Watch,Electronics,3762,4.3,Excellent product and very useful,C054,2026-01-02,8,30096
Backpack,Fashion,2936,5.0,Perfect quality and fast delivery,C165,2026-04-15,11,32296
Smart Watch,Electronics,3486,4.4,Excellent performance and quality,C137,2025-03-12,14,48804
Bluetooth Speaker,Electronics,2126,5.0,Very happy with this purchase,C153,2026-03-09,15,31890
Protein Powder,Health,2493,3.9,Average quality but usable,C118,2025-03-06,2,4986
Bluetooth Speaker,Electronics,3943,3.7,Works as expected,C131,2026-09-13,10,39430
Notebook Set,Books,524,4.8,I love this product,C117,2026-03-06,1,524
Wireless Headphones,Electronics,3148,4.0,Average quality but usable,C156,2026-06-15,7,22036
Water Bottle,Home,735,3.7,Works as expected,C108,2025-10-12,4,2940
Backpack,Fashion,1057,4.5,Amazing quality and worth the price,C038,2025-12-10,6,6342
Smart Watch,Electronics,3701,4.6,Excellent product and very useful,C080,2025-11-20,5,18505
Protein Powder,Health,1239,3.5,Good product but delivery was slow,C062,2025-11-11,1,1239
Coffee Maker,Home,3188,3.9,The product is decent,C090,2025-07-18,2,6376
Laptop Stand,Electronics,1776,4.6,Excellent product and very useful,C121,2026-02-04,13,23088
Fitness Bands,Health,1716,4.4,"Great product, highly recommended",C043,2025-12-30,9,15444
Bluetooth Speaker,Electronics,1879,3.7,Product is okay for the price,C089,2026-01-03,10,18790
Bluetooth Speaker,Electronics,2288,4.7,Very happy with this purchase,C056,2025-07-16,8,18304
Novel Book,Books,571,4.3,Perfect quality and fast delivery,C034,2026-02-10,3,1713
Face Wash,Beauty,708,4.6,Excellent performance and quality,C013,2025-04-04,6,4248
Coffee Maker,Home,4883,4.9,Amazing quality and worth the price,C163,2026-04-15,1,4883
Smart Watch,Electronics,3675,3.5,Average quality but usable,C165,2025-05-19,10,36750
Programming Book,Books,1359,4.8,Excellent performance and quality,C072,2026-08-27,3,4077
Coffee Maker,Home,4858,3.4,Works as expected,C030,2025-10-24,7,34006
Protein Powder,Health,1667,4.8,I love this product,C048,2026-03-19,5,8335
Running Shoes,Fashion,3560,4.6,"Great product, highly recommended",C041,2025-10-01,8,28480
Air Fryer,Home,5616,4.1,Good product but delivery was slow,C003,2026-07-24,6,33696
Face Wash,Beauty,891,4.1,Average quality but usable,C162,2026-06-21,4,3564
Desk Lamp,Home,916,4.5,"Great product, highly recommended",C096,2026-04-02,1,916
Wireless Headphones,Electronics,1945,4.7,Excellent product and very useful,C018,2025-08-23,17,33065
Desk Lamp,Home,1496,4.7,"Great product, highly recommended",C072,2025-07-30,1,1496
Yoga Mat,Health,1611,4.2,Product is okay for the price,C031,2025-12-18,1,1611
Cotton T-Shirt,Fashion,1040,3.9,The product is decent,C080,2025-07-25,11,11440
Denim Jeans,Fashion,3098,3.5,The product is decent,C148,2026-01-06,12,37176
Backpack,Fashion,1609,4.3,Excellent performance and quality,C090,2025-09-27,1,1609
Laptop Stand,Electronics,1085,4.2,The product is decent,C087,2026-01-24,11,11935
Hair Dryer,Beauty,3414,4.6,Amazing quality and worth the price,C043,2025-08-31,1,3414
Skin Care Kit,Beauty,1180,4.0,Good product but delivery was slow,C024,2025-08-21,4,4720
Backpack,Fashion,1176,3.8,Product is okay for the price,C157,2026-04-10,8,9408
Denim Jeans,Fashion,1865,4.2,The product is decent,C071,2025-05-10,6,11190
Face Wash,Beauty,677,3.7,The product is decent,C091,2025-12-05,8,5416
Wireless Headphones,Electronics,2341,4.0,Product is okay for the price,C095,2026-04-11,13,30433
Desk Lamp,Home,1841,4.7,Very happy with this purchase,C063,2026-02-02,9,16569
Desk Lamp,Home,2041,4.7,Excellent performance and quality,C105,2026-09-23,2,4082
Wireless Headphones,Electronics,2931,5.0,Amazing quality and worth the price,C031,2026-04-18,10,29310
Novel Book,Books,687,4.4,Excellent performance and quality,C089,2025-02-18,6,4122
Wireless Headphones,Electronics,2889,4.1,Good product but delivery was slow,C074,2026-07-03,13,37557
USB-C Hub,Electronics,1034,4.1,Good product but delivery was slow,C141,2026-08-23,4,4136
Skin Care Kit,Beauty,3414,3.4,Product is okay for the price,C116,2025-10-07,10,34140
Hair Dryer,Beauty,2863,3.8,The product is decent,C008,2025-06-13,6,17178
Laptop Stand,Electronics,1249,4.3,Good value for money,C162,2026-09-17,2,2498
Air Fryer,Home,7583,3.8,Works as expected,C053,2025-02-22,11,83413
Water Bottle,Home,849,4.4,"Great product, highly recommended",C036,2025-02-27,4,3396
Bluetooth Speaker,Electronics,3077,5.0,"Great product, highly recommended",C012,2025-09-18,14,43078
Skin Care Kit,Beauty,1247,4.7,Excellent product and very useful,C070,2025-03-25,1,1247
Denim Jeans,Fashion,2988,3.8,Average quality but usable,C065,2026-09-28,4,11952
Notebook Set,Books,599,3.3,Product is okay for the price,C086,2025-01-31,3,1797
Notebook Set,Books,624,3.2,Poor quality and disappointing,C097,2025-10-02,3,1872
USB-C Hub,Electronics,2440,4.7,Perfect quality and fast delivery,C145,2025-06-16,17,41480
Fitness Bands,Health,1101,4.6,Perfect quality and fast delivery,C115,2025-11-10,5,5505
Wireless Headphones,Electronics,2812,4.8,Very happy with this purchase,C055,2026-05-15,8,22496
Denim Jeans,Fashion,2993,3.6,Average quality but usable,C155,2025-07-24,8,23944
Hair Dryer,Beauty,1830,5.0,Perfect quality and fast delivery,C070,2026-06-06,8,14640
USB-C Hub,Electronics,2174,4.7,Excellent product and very useful,C165,2025-03-27,13,28262
Coffee Maker,Home,4437,4.7,Very happy with this purchase,C010,2026-05-23,12,53244
Novel Book,Books,578,3.4,Good product but delivery was slow,C170,2025-05-27,3,1734
Desk Lamp,Home,1114,5.0,Very happy with this purchase,C041,2025-11-06,12,13368
Running Shoes,Fashion,4144,3.1,Delivery was slow and product was damaged,C164,2025-09-11,9,37296
Desk Lamp,Home,1446,3.2,The product stopped working quickly,C114,2025-09-01,11,15906
Water Bottle,Home,1273,4.0,Product is okay for the price,C098,2025-08-31,8,10184
Denim Jeans,Fashion,2787,4.3,Very happy with this purchase,C114,2025-03-17,10,27870
Coffee Maker,Home,4248,4.7,Perfect quality and fast delivery,C040,2026-01-19,6,25488
Smart Watch,Electronics,3941,4.7,Excellent product and very useful,C095,2025-02-28,13,51233
Face Wash,Beauty,921,3.9,Average quality but usable,C122,2026-06-08,11,10131
Hair Dryer,Beauty,1545,3.5,The product is decent,C177,2025-10-19,4,6180
Notebook Set,Books,530,3.4,Works as expected,C097,2026-01-22,5,2650
Bluetooth Speaker,Electronics,3613,4.0,Good product but delivery was slow,C132,2026-04-06,2,7226
Smart Watch,Electronics,2723,4.3,Perfect quality and fast delivery,C164,2025-05-10,13,35399
Skin Care Kit,Beauty,3402,4.4,Good value for money,C143,2025-12-14,2,6804
Coffee Maker,Home,4984,4.4,Good value for money,C089,2025-11-23,3,14952
Skin Care Kit,Beauty,921,3.9,Product is okay for the price,C056,2025-09-20,2,1842
USB-C Hub,Electronics,1951,4.0,Works as expected,C006,2025-11-12,10,19510
Smart Watch,Electronics,3234,3.8,Product is okay for the price,C151,2025-08-01,8,25872
Protein Powder,Health,2150,5.0,Excellent performance and quality,C165,2026-08-02,9,19350
Laptop Stand,Electronics,1720,3.7,Works as expected,C117,2025-02-26,13,22360
Yoga Mat,Health,1770,4.5,Perfect quality and fast delivery,C105,2026-02-01,9,15930
Desk Lamp,Home,793,4.8,Excellent product and very useful,C142,2025-09-25,10,7930
Smart Watch,Electronics,5477,3.8,Product is okay for the price,C172,2025-03-18,8,43816
Backpack,Fashion,2790,3.2,Battery life is poor,C013,2025-04-11,2,5580
Programming Book,Books,1165,4.9,Excellent performance and quality,C155,2026-06-02,5,5825
Laptop Stand,Electronics,1122,5.0,Good value for money,C104,2025-04-29,7,7854
Laptop Stand,Electronics,903,4.9,Excellent product and very useful,C012,2025-09-08,14,12642
Running Shoes,Fashion,2940,4.3,Very happy with this purchase,C012,2026-03-25,13,38220
Casual Sneakers,Fashion,3674,4.9,Perfect quality and fast delivery,C136,2026-05-17,2,7348
Wireless Headphones,Electronics,2539,3.6,The product is decent,C157,2025-05-13,13,33007
Backpack,Fashion,2770,4.8,Very happy with this purchase,C007,2026-02-27,3,8310
Yoga Mat,Health,1091,4.9,"Great product, highly recommended",C126,2026-02-21,1,1091
Protein Powder,Health,1212,3.8,Good product but delivery was slow,C108,2026-02-04,5,6060
Hair Dryer,Beauty,3892,3.5,Average quality but usable,C152,2026-04-06,7,27244
Skin Care Kit,Beauty,1983,4.1,Works as expected,C142,2025-03-22,1,1983
Running Shoes,Fashion,4400,3.3,Average quality but usable,C006,2025-01-04,8,35200
Running Shoes,Fashion,3860,3.0,The product stopped working quickly,C177,2025-11-15,12,46320
Storage Organizer,Home,1612,2.9,Battery life is poor,C070,2026-04-25,9,14508
Desk Lamp,Home,901,4.1,Average quality but usable,C008,2025-11-03,11,9911
Air Fryer,Home,6223,4.2,Good product but delivery was slow,C179,2025-07-13,9,56007
Backpack,Fashion,1965,4.7,Good value for money,C057,2026-09-17,1,1965
Water Bottle,Home,480,5.0,I love this product,C145,2026-04-16,6,2880
Cotton T-Shirt,Fashion,694,5.0,Amazing quality and worth the price,C165,2025-08-06,2,1388
Wireless Headphones,Electronics,3429,3.6,Good product but delivery was slow,C071,2025-02-03,5,17145
Air Fryer,Home,5216,4.1,Product is okay for the price,C163,2026-09-16,11,57376
Hair Dryer,Beauty,2671,4.2,Works as expected,C026,2026-04-23,5,13355
Fitness Bands,Health,1377,4.0,Good product but delivery was slow,C130,2025-03-12,9,12393
USB-C Hub,Electronics,1851,4.2,The product is decent,C153,2026-07-27,15,27765
Desk Lamp,Home,1694,4.3,Excellent product and very useful,C098,2025-06-18,8,13552
Running Shoes,Fashion,3809,4.2,Good product but delivery was slow,C131,2026-06-04,11,41899
Wireless Headphones,Electronics,2959,5.0,Excellent product and very useful,C128,2026-09-13,15,44385
Hair Dryer,Beauty,2451,4.4,"Great product, highly recommended",C168,2026-03-16,12,29412
Hair Dryer,Beauty,2063,3.5,Works as expected,C075,2026-07-13,10,20630
Hair Dryer,Beauty,3973,4.8,Very happy with this purchase,C090,2026-03-27,3,11919
Desk Lamp,Home,1624,3.3,Works as expected,C025,2026-03-02,4,6496
Hair Dryer,Beauty,2437,4.6,"Great product, highly recommended",C077,2026-02-20,8,19496
Skin Care Kit,Beauty,1700,4.6,I love this product,C159,2025-12-07,8,13600
Desk Lamp,Home,1688,4.2,Works as expected,C154,2025-07-15,8,13504
Bluetooth Speaker,Electronics,3647,4.2,Good product but delivery was slow,C069,2025-12-29,4,14588
Yoga Mat,Health,979,4.9,Perfect quality and fast delivery,C088,2026-03-01,1,979
Water Bottle,Home,1386,3.2,Battery life is poor,C105,2026-05-22,9,12474
Laptop Stand,Electronics,867,3.9,Works as expected,C135,2026-05-06,7,6069
Laptop Stand,Electronics,1054,4.1,The product is decent,C156,2026-03-03,2,2108
Yoga Mat,Health,1152,4.1,The product is decent,C161,2025-06-29,6,6912
Smart Watch,Electronics,3933,3.6,Product is okay for the price,C064,2025-02-01,5,19665
Hair Dryer,Beauty,3693,3.9,Average quality but usable,C142,2025-11-15,4,14772
Water Bottle,Home,1058,4.8,Very happy with this purchase,C024,2026-06-24,6,6348
Laptop Stand,Electronics,1488,4.0,Product is okay for the price,C096,2025-07-07,4,5952
Casual Sneakers,Fashion,1883,3.4,Average quality but usable,C033,2025-09-02,11,20713
Laptop Stand,Electronics,1074,4.8,I love this product,C100,2025-06-07,4,4296
Protein Powder,Health,1351,4.1,Average quality but usable,C078,2026-07-31,9,12159
Novel Book,Books,626,4.6,Good value for money,C102,2025-03-04,6,3756
Air Fryer,Home,6964,4.6,Perfect quality and fast delivery,C027,2025-12-27,12,83568
Skin Care Kit,Beauty,2067,4.3,"Great product, highly recommended",C121,2025-11-13,12,24804
Backpack,Fashion,1440,4.2,Good product but delivery was slow,C013,2025-02-19,11,15840
Storage Organizer,Home,649,4.8,Excellent performance and quality,C053,2026-04-21,12,7788
Smart Watch,Electronics,4743,4.5,"Great product, highly recommended",C138,2026-08-10,13,61659
Running Shoes,Fashion,3642,4.6,Very happy with this purchase,C165,2026-07-10,3,10926
Water Bottle,Home,788,5.0,Excellent performance and quality,C164,2025-02-27,7,5516
Denim Jeans,Fashion,2014,3.9,Average quality but usable,C131,2026-01-06,3,6042
Desk Lamp,Home,1325,3.7,The product is decent,C157,2025-03-03,10,13250
Denim Jeans,Fashion,2186,3.0,Too expensive for the quality,C148,2025-12-02,11,24046
Air Fryer,Home,4709,4.2,Product is okay for the price,C066,2025-05-30,4,18836
Hair Dryer,Beauty,3634,4.0,Average quality but usable,C081,2026-05-06,3,10902
Water Bottle,Home,421,3.8,Average quality but usable,C118,2026-09-25,6,2526
Novel Book,Books,489,4.6,"Great product, highly recommended",C030,2026-03-12,3,1467
Backpack,Fashion,1667,4.0,Good product but delivery was slow,C145,2025-04-27,8,13336
Novel Book,Books,779,4.9,Very happy with this purchase,C164,2026-07-19,4,3116
USB-C Hub,Electronics,2077,3.6,The product is decent,C143,2025-06-27,10,20770
Novel Book,Books,869,4.4,"Great product, highly recommended",C054,2026-05-06,7,6083
USB-C Hub,Electronics,1522,4.7,Very happy with this purchase,C058,2025-11-27,4,6088
Water Bottle,Home,660,4.3,"Great product, highly recommended",C019,2026-08-16,1,660
Running Shoes,Fashion,2831,3.7,The product is decent,C145,2025-12-12,3,8493
Wireless Headphones,Electronics,3239,5.0,Good value for money,C025,2026-08-03,4,12956
Cotton T-Shirt,Fashion,1235,4.7,Perfect quality and fast delivery,C173,2026-08-05,3,3705
Fitness Bands,Health,992,3.3,Works as expected,C024,2025-01-18,10,9920
USB-C Hub,Electronics,992,3.1,Delivery was slow and product was damaged,C030,2026-05-20,1,992
Wireless Headphones,Electronics,2020,3.7,Average quality but usable,C094,2025-09-28,10,20200
Air Fryer,Home,7400,3.4,Good product but delivery was slow,C077,2025-03-10,2,14800
Casual Sneakers,Fashion,2436,3.9,Good product but delivery was slow,C151,2026-02-05,10,24360
Bluetooth Speaker,Electronics,2487,4.7,Amazing quality and worth the price,C004,2026-06-25,11,27357
Storage Organizer,Home,1096,5.0,I love this product,C036,2026-05-27,12,13152
Hair Dryer,Beauty,1906,4.5,"Great product, highly recommended",C113,2026-03-25,1,1906
Air Fryer,Home,4681,4.4,I love this product,C011,2026-05-28,4,18724
Air Fryer,Home,5950,5.0,Excellent performance and quality,C051,2025-11-06,11,65450
Face Wash,Beauty,746,4.8,Excellent performance and quality,C105,2025-12-23,11,8206
Desk Lamp,Home,903,4.2,Product is okay for the price,C056,2026-07-19,12,10836
Laptop Stand,Electronics,913,4.1,The product is decent,C062,2026-08-12,11,10043
Yoga Mat,Health,1008,3.2,Delivery was slow and product was damaged,C130,2025-03-28,1,1008
Programming Book,Books,1429,4.0,Good product but delivery was slow,C060,2025-09-15,3,4287
Protein Powder,Health,1410,3.6,Works as expected,C048,2025-12-15,1,1410
Fitness Bands,Health,1464,4.7,"Great product, highly recommended",C175,2025-09-11,8,11712
Casual Sneakers,Fashion,2510,4.7,Amazing quality and worth the price,C161,2025-07-01,11,27610
Water Bottle,Home,1173,5.0,Amazing quality and worth the price,C089,2026-05-28,12,14076
Yoga Mat,Health,787,4.7,"Great product, highly recommended",C122,2026-08-04,3,2361
Running Shoes,Fashion,4460,3.9,Average quality but usable,C105,2025-01-03,2,8920
Backpack,Fashion,1248,3.0,Too expensive for the quality,C127,2025-08-31,4,4992
Skin Care Kit,Beauty,3349,4.3,I love this product,C075,2025-01-13,6,20094
Desk Lamp,Home,2197,5.0,Perfect quality and fast delivery,C063,2025-11-27,10,21970
Hair Dryer,Beauty,3949,4.3,I love this product,C039,2026-02-23,7,27643
Backpack,Fashion,2928,4.3,Perfect quality and fast delivery,C177,2025-08-01,5,14640
Laptop Stand,Electronics,1412,4.5,I love this product,C155,2025-11-27,1,1412
Fitness Bands,Health,585,3.8,Works as expected,C168,2025-04-15,10,5850
Backpack,Fashion,2185,4.4,Good value for money,C053,2025-09-25,11,24035
Face Wash,Beauty,947,3.8,Product is okay for the price,C104,2025-04-06,5,4735
Bluetooth Speaker,Electronics,2569,4.2,The product is decent,C010,2025-09-29,4,10276
Coffee Maker,Home,5235,4.5,Amazing quality and worth the price,C139,2026-07-18,6,31410
Backpack,Fashion,1556,4.2,Good product but delivery was slow,C021,2026-07-08,6,9336
Laptop Stand,Electronics,1102,3.5,The product is decent,C170,2025-02-08,2,2204
USB-C Hub,Electronics,2056,5.0,"Great product, highly recommended",C056,2026-08-24,5,10280
Face Wash,Beauty,893,3.5,Works as expected,C040,2025-10-30,12,10716
Smart Watch,Electronics,3828,4.0,Good product but delivery was slow,C096,2026-01-03,1,3828
Water Bottle,Home,676,4.1,Good product but delivery was slow,C059,2025-02-27,11,7436
Storage Organizer,Home,787,3.9,Average quality but usable,C119,2025-10-13,7,5509
Storage Organizer,Home,747,4.3,"Great product, highly recommended",C057,2026-08-26,4,2988
Storage Organizer,Home,568,4.0,Good product but delivery was slow,C107,2025-12-01,10,5680
Cotton T-Shirt,Fashion,1062,4.7,Excellent performance and quality,C008,2025-05-05,3,3186
Cotton T-Shirt,Fashion,547,4.0,The product is decent,C169,2026-08-01,2,1094
Coffee Maker,Home,2855,4.0,Average quality but usable,C083,2026-05-04,7,19985
Yoga Mat,Health,861,4.3,Perfect quality and fast delivery,C057,2025-12-14,6,5166
Cotton T-Shirt,Fashion,1354,4.3,Excellent performance and quality,C139,2025-01-20,2,2708
Bluetooth Speaker,Electronics,1938,3.8,The product is decent,C070,2025-06-09,17,32946
Hair Dryer,Beauty,3946,4.1,Good product but delivery was slow,C055,2025-07-04,7,27622
Laptop Stand,Electronics,814,4.5,I love this product,C074,2026-06-03,7,5698
Notebook Set,Books,586,4.9,"Great product, highly recommended",C062,2026-02-11,6,3516
Hair Dryer,Beauty,1458,4.7,Perfect quality and fast delivery,C030,2026-02-23,11,16038
Smart Watch,Electronics,3784,4.6,Excellent product and very useful,C123,2026-08-22,1,3784
Air Fryer,Home,6637,4.8,Excellent product and very useful,C168,2026-07-21,3,19911
Casual Sneakers,Fashion,2536,5.0,Excellent product and very useful,C054,2026-04-18,12,30432
Programming Book,Books,1047,4.6,Perfect quality and fast delivery,C090,2025-12-14,1,1047
Bluetooth Speaker,Electronics,2055,3.1,Not satisfied with this purchase,C175,2025-03-31,2,4110
USB-C Hub,Electronics,978,4.7,Very happy with this purchase,C115,2026-04-26,7,6846
Desk Lamp,Home,1494,4.1,Average quality but usable,C134,2026-08-09,2,2988
Wireless Headphones,Electronics,3354,4.0,Average quality but usable,C087,2025-08-09,4,13416
USB-C Hub,Electronics,2023,3.8,Good product but delivery was slow,C078,2025-09-01,17,34391
Novel Book,Books,753,4.1,Average quality but usable,C145,2025-03-26,5,3765
Bluetooth Speaker,Electronics,3870,4.8,I love this product,C051,2026-02-11,1,3870
Hair Dryer,Beauty,3758,4.7,Very happy with this purchase,C018,2026-03-27,6,22548
Water Bottle,Home,874,4.4,Very happy with this purchase,C007,2025-12-20,11,9614
Novel Book,Books,565,4.4,"Great product, highly recommended",C154,2026-02-09,1,565
Running Shoes,Fashion,3022,4.4,Good value for money,C129,2026-06-28,3,9066
Protein Powder,Health,2571,3.8,Good product but delivery was slow,C043,2026-01-13,1,2571
Air Fryer,Home,7750,4.4,Perfect quality and fast delivery,C161,2025-05-09,5,38750
Coffee Maker,Home,2991,4.6,Excellent performance and quality,C045,2026-03-17,1,2991
Programming Book,Books,721,3.2,Poor quality and disappointing,C057,2026-04-27,5,3605
Skin Care Kit,Beauty,3206,5.0,Amazing quality and worth the price,C055,2026-07-05,2,6412
Protein Powder,Health,2853,4.3,I love this product,C109,2025-12-29,6,17118
Yoga Mat,Health,1515,4.3,Excellent performance and quality,C010,2025-09-17,8,12120
Face Wash,Beauty,992,4.3,I love this product,C089,2026-02-09,9,8928
Novel Book,Books,735,4.4,I love this product,C096,2025-04-09,1,735
Storage Organizer,Home,1768,5.0,Excellent performance and quality,C050,2025-05-20,1,1768
Water Bottle,Home,1087,4.4,Good value for money,C133,2026-03-25,11,11957
Water Bottle,Home,475,4.8,I love this product,C130,2026-07-02,8,3800
Yoga Mat,Health,1487,3.0,The product stopped working quickly,C116,2025-02-12,7,10409
Air Fryer,Home,5470,3.5,Product is okay for the price,C093,2026-06-21,10,54700
Desk Lamp,Home,1538,5.0,Amazing quality and worth the price,C120,2026-04-06,10,15380
Face Wash,Beauty,446,3.8,Good product but delivery was slow,C120,2025-01-10,4,1784
Programming Book,Books,1356,4.2,Product is okay for the price,C180,2026-01-04,6,8136
Desk Lamp,Home,2120,3.9,The product is decent,C117,2025-02-07,8,16960
Casual Sneakers,Fashion,3685,3.9,Average quality but usable,C007,2025-08-17,6,22110
Smart Watch,Electronics,3217,5.0,Excellent performance and quality,C047,2025-10-12,11,35387
Storage Organizer,Home,1716,4.1,Good product but delivery was slow,C019,2026-04-10,8,13728
Novel Book,Books,703,4.4,Amazing quality and worth the price,C099,2026-08-27,3,2109
Casual Sneakers,Fashion,2084,3.7,Product is okay for the price,C026,2025-08-27,1,2084
Programming Book,Books,1501,3.5,Good product but delivery was slow,C032,2025-10-22,4,6004
Novel Book,Books,616,3.4,The product is decent,C056,2026-02-12,1,616
Cotton T-Shirt,Fashion,859,3.4,The product is decent,C008,2025-12-06,12,10308
Water Bottle,Home,533,3.9,Average quality but usable,C032,2026-04-23,6,3198
Face Wash,Beauty,1197,3.9,Works as expected,C037,2026-04-15,12,14364
Novel Book,Books,796,4.9,Excellent performance and quality,C010,2026-07-09,5,3980
Programming Book,Books,1496,4.3,Excellent product and very useful,C139,2026-08-17,2,2992
Fitness Bands,Health,1158,3.8,Works as expected,C137,2026-04-23,4,4632
Cotton T-Shirt,Fashion,595,4.1,Average quality but usable,C102,2025-02-23,12,7140
Smart Watch,Electronics,2900,5.0,"Great product, highly recommended",C088,2025-03-19,10,29000
USB-C Hub,Electronics,1678,4.0,Good product but delivery was slow,C102,2025-03-15,13,21814
Yoga Mat,Health,1451,4.0,Good product but delivery was slow,C064,2025-10-13,6,8706
Bluetooth Speaker,Electronics,2173,4.2,Average quality but usable,C144,2025-12-05,17,36941
Protein Powder,Health,1414,3.0,Poor quality and disappointing,C090,2025-05-26,4,5656
Denim Jeans,Fashion,2563,5.0,Amazing quality and worth the price,C073,2025-12-10,11,28193
Coffee Maker,Home,2887,4.0,The product is decent,C086,2025-06-03,9,25983
Wireless Headphones,Electronics,2171,5.0,I love this product,C037,2025-03-13,4,8684
Casual Sneakers,Fashion,3898,4.0,The product is decent,C135,2026-05-14,2,7796
Smart Watch,Electronics,2616,3.5,Product is okay for the price,C068,2026-08-14,2,5232
Denim Jeans,Fashion,2572,4.1,The product is decent,C035,2025-04-08,5,12860
USB-C Hub,Electronics,1795,5.0,"Great product, highly recommended",C090,2026-04-07,2,3590
Hair Dryer,Beauty,3861,3.9,Works as expected,C015,2025-09-02,11,42471
Hair Dryer,Beauty,3397,3.9,Good product but delivery was slow,C131,2025-03-22,9,30573
Notebook Set,Books,360,4.9,Very happy with this purchase,C132,2026-05-26,3,1080
Skin Care Kit,Beauty,1235,3.4,Product is okay for the price,C029,2026-08-01,9,11115
Air Fryer,Home,7079,4.9,Excellent performance and quality,C087,2026-01-31,7,49553
USB-C Hub,Electronics,2039,4.3,Good value for money,C106,2025-05-06,1,2039
Laptop Stand,Electronics,1424,4.1,The product is decent,C128,2025-09-04,10,14240
Laptop Stand,Electronics,1491,4.4,I love this product,C146,2025-05-03,5,7455
Notebook Set,Books,221,3.6,Product is okay for the price,C020,2026-04-16,5,1105
Backpack,Fashion,2160,3.1,The product stopped working quickly,C085,2026-07-08,8,17280
Cotton T-Shirt,Fashion,553,4.2,Product is okay for the price,C115,2026-05-03,3,1659
Denim Jeans,Fashion,1550,4.6,Excellent performance and quality,C072,2026-07-18,8,12400
Programming Book,Books,794,4.1,Works as expected,C158,2025-01-02,3,2382
Hair Dryer,Beauty,3083,3.4,Average quality but usable,C046,2026-03-22,12,36996
Cotton T-Shirt,Fashion,1427,3.8,Product is okay for the price,C071,2026-03-10,1,1427
Storage Organizer,Home,1264,5.0,Excellent performance and quality,C005,2026-05-15,1,1264
Notebook Set,Books,656,3.8,Product is okay for the price,C109,2026-08-28,6,3936
Storage Organizer,Home,1764,4.6,Perfect quality and fast delivery,C152,2026-09-22,3,5292
Air Fryer,Home,6092,3.4,Works as expected,C140,2026-01-10,3,18276
Running Shoes,Fashion,3994,3.7,Good product but delivery was slow,C168,2026-09-19,10,39940
Running Shoes,Fashion,3831,4.9,Perfect quality and fast delivery,C148,2026-05-18,6,22986
Backpack,Fashion,1360,4.0,Average quality but usable,C117,2025-05-05,13,17680
Fitness Bands,Health,1773,4.9,Excellent product and very useful,C169,2026-09-16,9,15957
Water Bottle,Home,1145,4.3,"Great product, highly recommended",C138,2025-07-14,6,6870
Air Fryer,Home,5475,4.1,Product is okay for the price,C086,2026-08-19,12,65700
Hair Dryer,Beauty,3709,4.1,The product is decent,C085,2026-02-14,1,3709
Yoga Mat,Health,1292,4.6,Good value for money,C154,2026-08-15,3,3876
Wireless Headphones,Electronics,2596,3.8,Works as expected,C120,2025-06-19,8,20768
Casual Sneakers,Fashion,2261,4.2,Average quality but usable,C166,2026-04-15,6,13566
Coffee Maker,Home,4005,4.3,Very happy with this purchase,C035,2026-01-27,5,20025
Denim Jeans,Fashion,2638,4.1,Good product but delivery was slow,C126,2026-06-02,4,10552
Air Fryer,Home,5435,5.0,Amazing quality and worth the price,C079,2026-04-22,1,5435
USB-C Hub,Electronics,990,3.2,Too expensive for the quality,C179,2026-04-21,8,7920
Coffee Maker,Home,4491,4.2,Average quality but usable,C040,2025-05-21,4,17964
Smart Watch,Electronics,3792,3.8,Good product but delivery was slow,C055,2025-03-09,10,37920
Fitness Bands,Health,1503,3.7,The product is decent,C122,2025-11-03,10,15030
Casual Sneakers,Fashion,3520,4.8,Excellent product and very useful,C098,2026-08-13,8,28160
Smart Watch,Electronics,4646,4.7,Amazing quality and worth the price,C002,2025-02-19,1,4646
Skin Care Kit,Beauty,2645,4.5,Excellent performance and quality,C115,2025-12-26,3,7935
Face Wash,Beauty,667,4.0,Product is okay for the price,C071,2026-02-10,10,6670
USB-C Hub,Electronics,1494,4.0,Good product but delivery was slow,C168,2026-03-29,1,1494
Air Fryer,Home,7784,4.4,Very happy with this purchase,C033,2026-01-16,9,70056
Cotton T-Shirt,Fashion,526,4.3,Excellent product and very useful,C148,2025-10-03,2,1052
Denim Jeans,Fashion,2413,4.8,Excellent performance and quality,C138,2025-10-20,11,26543
Yoga Mat,Health,1086,3.6,Average quality but usable,C099,2026-05-22,10,10860
Notebook Set,Books,517,3.5,Average quality but usable,C009,2025-09-06,5,2585
Coffee Maker,Home,5031,4.2,The product is decent,C040,2026-01-21,3,15093
Smart Watch,Electronics,2514,4.3,Perfect quality and fast delivery,C114,2025-06-15,8,20112
Smart Watch,Electronics,5204,4.7,Excellent product and very useful,C053,2025-09-04,10,52040
Yoga Mat,Health,716,4.4,Amazing quality and worth the price,C068,2025-05-18,9,6444
Smart Watch,Electronics,4835,3.5,Average quality but usable,C075,2025-11-28,8,38680
Notebook Set,Books,545,5.0,Good value for money,C102,2025-04-03,5,2725
Running Shoes,Fashion,4205,4.5,Very happy with this purchase,C081,2025-07-11,5,21025
Air Fryer,Home,5449,3.9,Good product but delivery was slow,C045,2025-01-17,10,54490
Air Fryer,Home,4788,4.4,Amazing quality and worth the price,C131,2025-08-22,5,23940
Backpack,Fashion,1672,4.6,Excellent product and very useful,C038,2025-10-11,3,5016
Novel Book,Books,390,3.9,Product is okay for the price,C080,2025-02-10,8,3120
Novel Book,Books,505,5.0,I love this product,C040,2026-09-28,8,4040
Yoga Mat,Health,1243,5.0,"Great product, highly recommended",C073,2026-01-14,2,2486
Cotton T-Shirt,Fashion,1476,3.9,Product is okay for the price,C168,2025-09-25,6,8856
Coffee Maker,Home,5280,4.6,Excellent product and very useful,C017,2025-12-09,10,52800
Wireless Headphones,Electronics,2649,3.8,Works as expected,C096,2025-03-25,1,2649
Yoga Mat,Health,917,4.4,Perfect quality and fast delivery,C156,2026-06-04,9,8253
Skin Care Kit,Beauty,3011,3.2,Delivery was slow and product was damaged,C082,2026-09-20,3,9033
Programming Book,Books,1159,4.0,Works as expected,C037,2026-05-17,3,3477
Desk Lamp,Home,998,3.5,Average quality but usable,C045,2025-06-24,4,3992
USB-C Hub,Electronics,2144,4.2,Product is okay for the price,C166,2025-08-30,15,32160
Programming Book,Books,789,4.6,I love this product,C153,2026-03-05,6,4734
Air Fryer,Home,7704,3.5,Product is okay for the price,C129,2026-04-08,10,77040
Novel Book,Books,595,4.9,Excellent performance and quality,C118,2026-05-18,3,1785
Denim Jeans,Fashion,2658,3.9,Product is okay for the price,C165,2026-05-30,10,26580
Running Shoes,Fashion,3759,3.5,Average quality but usable,C078,2025-10-03,3,11277
Backpack,Fashion,1013,3.9,Works as expected,C115,2025-08-30,5,5065
Bluetooth Speaker,Electronics,1695,3.8,Works as expected,C118,2026-09-30,5,8475
Water Bottle,Home,774,3.6,Average quality but usable,C142,2026-01-07,1,774
Protein Powder,Health,2972,4.7,Excellent performance and quality,C124,2026-07-06,2,5944
Fitness Bands,Health,960,4.5,Very happy with this purchase,C016,2025-03-15,9,8640
Backpack,Fashion,2171,3.7,Average quality but usable,C012,2026-02-25,8,17368
Laptop Stand,Electronics,1499,5.0,Very happy with this purchase,C031,2025-12-23,15,22485
Skin Care Kit,Beauty,3387,4.0,Product is okay for the price,C080,2025-06-17,12,40644
Backpack,Fashion,1615,4.6,Excellent product and very useful,C106,2026-07-30,13,20995
Desk Lamp,Home,1377,4.4,Excellent performance and quality,C016,2026-03-02,9,12393
Desk Lamp,Home,821,4.4,Very happy with this purchase,C038,2025-09-13,5,4105
Cotton T-Shirt,Fashion,1455,4.1,The product is decent,C062,2026-08-24,10,14550
Smart Watch,Electronics,2531,4.1,Average quality but usable,C075,2025-09-19,5,12655
Bluetooth Speaker,Electronics,3382,5.0,Excellent performance and quality,C001,2026-04-13,1,3382
Smart Watch,Electronics,3534,3.9,Product is okay for the price,C103,2025-03-08,11,38874
Desk Lamp,Home,1159,5.0,"Great product, highly recommended",C082,2026-03-03,6,6954
Coffee Maker,Home,2956,3.6,Good product but delivery was slow,C046,2026-05-28,5,14780
USB-C Hub,Electronics,2006,4.3,Excellent product and very useful,C004,2025-05-15,7,14042
Programming Book,Books,1105,3.8,Average quality but usable,C108,2025-07-16,6,6630
Notebook Set,Books,467,4.1,The product is decent,C120,2026-05-11,8,3736
Running Shoes,Fashion,4232,3.0,Battery life is poor,C022,2025-10-01,13,55016
USB-C Hub,Electronics,1879,2.6,Delivery was slow and product was damaged,C180,2026-03-02,4,7516
Desk Lamp,Home,1646,4.5,I love this product,C048,2025-07-08,4,6584
Denim Jeans,Fashion,3141,4.0,The product is decent,C089,2025-02-12,12,37692
